Alabama,https://www.avis.com/en/locations/us/al
Alaska,https://www.avis.com/en/locations/us/ak
Arizona,https://www.avis.com/en/locations/us/az
Arkansas,https://www.avis.com/en/locations/us/ar
California,https://www.avis.com/en/locations/us/ca
Colorado,https://www.avis.com/en/locations/us/co
Connecticut,https://www.avis.com/en/locations/us/ct
Delaware,https://www.avis.com/en/locations/us/de
District Of Columbia,https://www.avis.com/en/locations/us/dc
Florida,https://www.avis.com/en/locations/us/fl
Georgia,https://www.avis.com/en/locations/us/ga
Hawaii,https://www.avis.com/en/locations/us/hi
Idaho,https://www.avis.com/en/locations/us/id
Illinois,https://www.avis.com/en/locations/us/il
Indiana,https://www.avis.com/en/locations/us/in
Iowa,https://www.avis.com/en/locations/us/ia
Kansas,https://www.avis.com/en/locations/us/ks
Kentucky,https://www.avis.com/en/locations/us/ky
Louisiana,https://www.avis.com/en/locations/us/la
Maine,https://www.avis.com/en/locations/us/me
Maryland,https://www.avis.com/en/locations/us/md
Massachusetts,https://www.avis.com/en/locations/us/ma
Michigan,https://www.avis.com/en/locations/us/mi
Minnesota,https://www.avis.com/en/locations/us/mn
Mississippi,https://www.avis.com/en/locations/us/ms
Missouri,https://www.avis.com/en/locations/us/mo
Montana,https://www.avis.com/en/locations/us/mt
Nebraska,https://www.avis.com/en/locations/us/ne
Nevada,https://www.avis.com/en/locations/us/nv
New Hampshire,https://www.avis.com/en/locations/us/nh
New Jersey,https://www.avis.com/en/locations/us/nj
New Mexico,https://www.avis.com/en/locations/us/nm
New York,https://www.avis.com/en/locations/us/ny
North Carolina,https://www.avis.com/en/locations/us/nc
North Dakota,https://www.avis.com/en/locations/us/nd
Ohio,https://www.avis.com/en/locations/us/oh
Oklahoma,https://www.avis.com/en/locations/us/ok
Oregon,https://www.avis.com/en/locations/us/or
Pennsylvania,https://www.avis.com/en/locations/us/pa
Rhode Island,https://www.avis.com/en/locations/us/ri
South Carolina,https://www.avis.com/en/locations/us/sc
South Dakota,https://www.avis.com/en/locations/us/sd
Tennessee,https://www.avis.com/en/locations/us/tn
Texas,https://www.avis.com/en/locations/us/tx
Utah,https://www.avis.com/en/locations/us/ut
Vermont,https://www.avis.com/en/locations/us/vt
Virginia,https://www.avis.com/en/locations/us/va
Washington,https://www.avis.com/en/locations/us/wa
West Virginia,https://www.avis.com/en/locations/us/wv
Wisconsin,https://www.avis.com/en/locations/us/wi
Wyoming,https://www.avis.com/en/locations/us/wy
